Player,Rating,Uncertainty
Roei,24.859325186370654,3.072254695367743
Willow,24.758355827056974,3.4014653701699014
Shitian,24.699197702886394,2.895098556826555
Matt,22.20993763968554,2.9627736611540745
Tom,17.657398602480267,5.987688196147565
Claude,17.310223570240932,4.083738480290644
